{
  "n": 179,
  "queries": 50,
  "k": 20,
  "rows": [
    {
      "kind": "FlatIP",
      "ef_search": null,
      "build_s": 0.00016437505837529898,
      "p50_ms": 0.00812445068731904,
      "p95_ms": 0.010908691911026829,
      "p99_ms": 1.0941140621434855,
      "recall_at_k": 1.0
    },
    {
      "kind": "HNSWFlat",
      "ef_search": 32,
      "build_s": 0.0018448750488460064,
      "p50_ms": 0.01227052416652441,
      "p95_ms": 0.016543862875550982,
      "p99_ms": 0.16469427850097362,
      "recall_at_k": 0.988
    },
    {
      "kind": "HNSWFlat",
      "ef_search": 64,
      "build_s": 0.0018448750488460064,
      "p50_ms": 0.01812499249354005,
      "p95_ms": 0.01996876671910286,
      "p99_ms": 0.021057908888906237,
      "recall_at_k": 0.99
    },
    {
      "kind": "HNSWFlat",
      "ef_search": 128,
      "build_s": 0.0018448750488460064,
      "p50_ms": 0.02918753307312727,
      "p95_ms": 0.03048996441066265,
      "p99_ms": 0.034639518707990626,
      "recall_at_k": 0.99
    }
  ]
}